site;species;depth;stipe_length;stipe_weight;frond_weight;total_weight;hollow_length;outer_diam;inner_diam;hollowness
Buffels;ecklonia;shallow;107;305;405;710;96;25;16;92,3
Buffels;ecklonia;shallow;107;230;190;420;94;22;14;87,9
Buffels;ecklonia;shallow;113;275;755;1030;102;22;13;90,3
Buffels;ecklonia;shallow;116;255;110;365;107;20;13;92,2
Buffels;ecklonia;shallow;117;380;860;1240;105;27;17;89,7
Buffels;ecklonia;shallow;118;310;280;590;102;25;16;86,4
Buffels;ecklonia;shallow;123;400;345;745;113;26;16;91,9
Buffels;ecklonia;shallow;131;970;2380;3350;108;85;62;82,4
Buffels;ecklonia;shallow;140;350;390;740;126;21;13;90
Buffels;ecklonia;shallow;141;700;170;870;124;42;27;87,9
Buffels;ecklonia;shallow;141;300;315;615;126;20;13;89,4
Buffels;ecklonia;shallow;142;700;235;935;128;32;21;90,1
Buffels;ecklonia;shallow;52;95;185;280;37;18;10;71,2
Buffels;ecklonia;shallow;59;100;50;150;45;19;11;76,3
Buffels;ecklonia;shallow;61;120;180;300;52;20;12;85,2
Buffels;ecklonia;shallow;64;175;220;395;56;22;12;87,5
Buffels;ecklonia;shallow;73;175;35;210;61;21;13;83,6
Buffels;ecklonia;shallow;79;140;235;375;68;19;11;86,1
Buffels;ecklonia;shallow;80;185;130;315;70;21;14;87,5
Buffels;ecklonia;shallow;57;305;2150;2455;49;43;27;86
Buffels;ecklonia;shallow;65;370;965;1335;48;40;28;73,8
Buffels;ecklonia;shallow;100;530;695;1225;78;36;24;78
Buffels;ecklonia;shallow;50;175;1135;1310;44;25;15;88
Buffels;ecklonia;shallow;66;475;3220;3695;56;59;45;84,8
Buffels;ecklonia;shallow;77;650;2020;2670;65;63;50;84,4
Buffels;ecklonia;shallow;87;350;565;915;73;29;19;83,9
Buffels;ecklonia;shallow;95;850;1450;2300;74;62;47;77,9
Buffels;ecklonia;shallow;58;100;260;360;44;18;9;75,9
Buffels;ecklonia;shallow;59;90;285;375;49;17;10;83,1
Buffels;ecklonia;shallow;70;175;575;750;56;21;10;80
Buffels;ecklonia;shallow;73;240;885;1125;59;24;14;80,8
Buffels;ecklonia;shallow;107;870;1375;2245;83;62;45;79,8
Buffels;ecklonia;shallow;138;1000;1565;2565;113;52;34;81,9
Buffels;ecklonia;shallow;138;925;2050;2975;123;82;67;89,1
Buffels;ecklonia;shallow;141;785;1770;2555;126;51;34;89,4
Buffels;ecklonia;shallow;73;245;595;840;59;25;16;80,8
Buffels;ecklonia;shallow;78;810;2205;3015;74;54;33;94,9
Buffels;ecklonia;shallow;98;745;600;1345;73;62;44;74,5
Buffels;ecklonia;shallow;111;850;1245;2095;102;73;56;91,9
Buffels;ecklonia;shallow;111;625;600;1225;94;45;31;84,7
Buffels;ecklonia;shallow;50;140;475;615;37;22;14;74
Buffels;ecklonia;shallow;63;350;1100;1450;46;36;23;73
Buffels;ecklonia;shallow;78;785;1280;2065;64;69;51;82,1
Buffels;ecklonia;intertidal;107;780;1225;2005;94;61;48;88,7
Buffels;ecklonia;intertidal;107;380;225;605;87;26;15;82,1
Buffels;ecklonia;intertidal;131;825;140;965;119;46;30;90,8
Buffels;ecklonia;intertidal;131;500;260;760;111;29;20;84,7
Buffels;ecklonia;intertidal;144;725;2095;2820;120;41;29;83,3
Buffels;ecklonia;intertidal;92;225;275;500;78;20;12;84,8
Buffels;ecklonia;intertidal;138;630;890;1520;122;36;23;88,4
Buffels;ecklonia;intertidal;142;1200;2820;4020;130;112;85;91,5
Buffels;ecklonia;intertidal;155;875;1960;2835;146;47;33;94,2
Buffels;ecklonia;intertidal;161;1500;3285;4785;148;126;97;91,9
Buffels;ecklonia;intertidal;163;975;2010;2985;150;64;48;92
Buffels;ecklonia;intertidal;165;1600;3385;4985;155;93;83;93,9
Buffels;ecklonia;intertidal;195;1300;2315;3615;179;57;47;91,8
Buffels;ecklonia;intertidal;211;1400;1920;3320;200;75;58;94,8
Buffels;ecklonia;intertidal;63;125;165;290;48;18;11;76,2
Buffels;ecklonia;intertidal;131;590;485;1075;117;31;21;89,3
Buffels;ecklonia;intertidal;139;685;1725;2410;127;45;31;91,4
Buffels;ecklonia;intertidal;161;745;880;1625;149;34;25;92,5
Buffels;ecklonia;intertidal;162;1100;1775;2875;155;50;35;95,7
Buffels;ecklonia;intertidal;167;925;2675;3600;157;52;40;94
Buffels;ecklonia;intertidal;191;1100;1845;2945;182;71;65;95,3
Buffels;ecklonia;intertidal;238;1100;3725;4825;217;73;56;91,2
Buffels;ecklonia;intertidal;55;95;175;270;42;18;11;76,4
Buffels;ecklonia;intertidal;63;150;465;615;51;20;12;81
Buffels;ecklonia;intertidal;82;225;285;510;61;27;18;74,4
Buffels;ecklonia;intertidal;118;330;185;515;98;23;14;83,1
Buffels;ecklonia;intertidal;206;1100;1505;2605;200;45;30;97,1
Buffels;ecklonia;intertidal;223;1200;1350;2550;209;56;43;93,7
Buffels;ecklonia;intertidal;96;255;200;455;82;23;15;85,4
Buffels;ecklonia;intertidal;127;650;625;1275;116;37;24;91,3
Buffels;ecklonia;intertidal;157;1300;2485;3785;147;81;62;93,6
Buffels;ecklonia;intertidal;160;1100;1600;2700;149;71;56;93,1
Buffels;ecklonia;intertidal;162;620;225;845;142;28;18;87,7
Buffels;ecklonia;intertidal;168;895;825;1720;154;34;22;91,7
Buffels;ecklonia;intertidal;170;905;1640;2545;155;42;32;91,2
Buffels;ecklonia;intertidal;170;1400;2200;3600;160;81;62;94,1
Buffels;ecklonia;intertidal;191;1100;1760;2860;179;44;29;93,7
Buffels;ecklonia;intertidal;78;545;575;1120;69;41;27;88,5
Buffels;ecklonia;intertidal;95;270;135;405;83;22;12;87,4
Buffels;ecklonia;intertidal;150;785;910;1695;141;37;25;94
Buffels;ecklonia;intertidal;161;1010;2120;3130;136;52;36;84,5
Buffels;ecklonia;intertidal;178;1400;2340;3740;165;62;41;92,7
Buffels;ecklonia;intertidal;182;695;945;1640;157;29;20;86,3
Buffels;ecklonia;intertidal;182;680;805;1485;170;29;19;93,4
Buffels;ecklonia;intertidal;81;235;290;525;67;22;12;82,7
Buffels;ecklonia;deep;126;800;300;1100;112;31;16;88,9
Buffels;ecklonia;deep;157;1100;550;1650;142;35;21;90,4
Buffels;ecklonia;deep;80;200;400;600;61;26;14;76,3
Buffels;ecklonia;deep;419;3800;3100;6900;406;65;44;96,9
Buffels;ecklonia;deep;163;800;425;1225;147;33;20;90,2
Buffels;ecklonia;deep;171;1200;185;1385;157;33;18;91,8
Buffels;ecklonia;deep;51;380;750;1130;33;35;17;64,7
Buffels;ecklonia;deep;135;650;105;755;122;33;20;90,4
Buffels;ecklonia;deep;111;600;735;1335;93;29;17;83,8
Buffels;ecklonia;deep;123;600;625;1225;112;32;20;91,1
Buffels;ecklonia;deep;52;125;12;137;44;21;10;84,6
Buffels;ecklonia;deep;59;130;325;455;27;18;8;45,8
Buffels;ecklonia;deep;107;1000;1240;2240;90;45;25;85,7
Buffels;ecklonia;deep;244;2300;135;2435;226;63;42;92,6
Buffels;ecklonia;deep;296;3200;975;4175;278;50;31;93,9
Buffels;ecklonia;deep;70;165;290;455;52;19;9;74,3
Buffels;ecklonia;deep;77;325;335;660;65;28;14;84,4
Buffels;ecklonia;deep;321;3250;1245;4495;306;50;30;95,3
Buffels;ecklonia;deep;51;480;1800;2280;41;42;22;80,4
Kom;ecklonia;shallow;108;550;915;1465;95;37;22;88
Kom;ecklonia;shallow;128;1400;4525;5925;118;110;88;92,2
Kom;ecklonia;shallow;128;1200;2050;3250;111;85;72;86,7
Kom;ecklonia;shallow;134;1600;2730;4330;116;84;61;86,6
Kom;ecklonia;shallow;136;1300;3230;4530;125;80;62;91,9
Kom;ecklonia;shallow;152;1500;4655;6155;143;124;114;94,1
Kom;ecklonia;shallow;170;1700;4170;5870;162;82;55;95,3
Kom;ecklonia;shallow;184;2200;2250;4450;156;125;113;84,8
Kom;ecklonia;shallow;208;1800;780;2580;184;83;62;88,5
Kom;ecklonia;shallow;64;140;90;230;39;25;19;60,9
Kom;ecklonia;shallow;66;265;355;620;53;29;18;80,3
Kom;ecklonia;shallow;100;140;595;735;49;18;10;49
Kom;ecklonia;shallow;107;1100;3350;4450;90;81;59;84,1
Kom;ecklonia;shallow;160;1500;5660;7160;114;99;78;71,3
Kom;ecklonia;shallow;194;950;2985;3935;171;40;26;88,1
Kom;ecklonia;shallow;210;2200;1250;3450;186;223;155;88,6
Kom;ecklonia;shallow;87;500;370;870;75;48;36;86,2
Kom;ecklonia;shallow;87;250;585;835;66;22;14;75,9
Kom;ecklonia;shallow;88;250;230;480;71;24;17;80,7
Kom;ecklonia;shallow;89;280;250;530;72;28;19;80,9
Kom;ecklonia;shallow;127;300;1005;1305;83;22;12;65,4
Kom;ecklonia;shallow;150;445;1345;1790;125;28;17;83,3
Kom;ecklonia;shallow;159;400;760;1160;145;31;20;91,2
Kom;ecklonia;shallow;161;1100;2475;3575;148;61;40;91,9
Kom;ecklonia;shallow;169;700;210;910;150;38;24;88,8
Kom;ecklonia;shallow;178;900;2255;3155;158;42;28;88,8
Kom;ecklonia;shallow;185;1800;4540;6340;173;108;83;93,5
Kom;ecklonia;shallow;188;1700;2860;4560;174;92;70;92,6
Kom;ecklonia;shallow;194;1400;2135;3535;180;89;69;92,8
Kom;ecklonia;shallow;198;1300;1325;2625;180;42;29;90,9
Kom;ecklonia;shallow;204;1500;3820;5320;198;104;89;97,1
Kom;ecklonia;shallow;213;1200;1360;2560;169;50;35;79,3
Kom;ecklonia;shallow;220;1200;1830;3030;166;59;43;75,5
Kom;ecklonia;shallow;222;1300;2045;3345;201;56;37;90,5
Kom;ecklonia;shallow;238;2000;4105;6105;221;103;82;92,9
Kom;ecklonia;shallow;241;1600;3670;5270;222;112;80;92,1
Kom;ecklonia;shallow;92;225;170;395;56;22;12;60,9
Kom;ecklonia;shallow;96;270;1420;1690;82;22;13;85,4
Kom;ecklonia;shallow;98;170;330;500;69;18;11;70,4
Kom;ecklonia;shallow;149;600;550;1150;132;44;30;88,6
Kom;ecklonia;shallow;177;800;2080;2880;163;44;33;92,1
Kom;ecklonia;shallow;200;800;325;1125;180;30;22;90
Kom;ecklonia;shallow;115;240;220;460;101;22;18;87,8
Kom;ecklonia;shallow;117;250;300;550;100;23;16;85,5
Kom;ecklonia;shallow;125;300;375;675;107;27;19;85,6
Kom;ecklonia;shallow;130;375;755;1130;116;39;26;89,2
Kom;ecklonia;shallow;131;600;1250;1850;109;39;26;83,2
Kom;ecklonia;shallow;132;1600;3625;5225;107;143;119;81,1
Kom;ecklonia;shallow;143;1000;1660;2660;128;59;43;89,5
Kom;ecklonia;shallow;144;600;1950;2550;123;53;36;85,4
Kom;ecklonia;shallow;148;800;1570;2370;133;54;39;89,9
Kom;ecklonia;shallow;164;600;1250;1850;158;43;32;96,3
Kom;ecklonia;shallow;166;1300;3800;5100;145;74;56;87,3
Kom;ecklonia;shallow;167;700;1670;2370;139;36;23;83,2
Kom;ecklonia;shallow;171;600;1450;2050;159;50;36;93
Kom;ecklonia;shallow;176;1000;2380;3380;165;63;50;93,8
Kom;ecklonia;shallow;179;1200;2665;3865;164;71;51;91,6
Kom;ecklonia;shallow;186;1300;3700;5000;171;62;44;91,9
Kom;ecklonia;shallow;202;1700;4275;5975;187;187;67;92,6
Kom;ecklonia;shallow;215;1200;1960;3160;188;48;30;87,4
Kom;ecklonia;shallow;218;1900;3975;5875;209;78;64;95,9
Kom;ecklonia;shallow;225;1700;4350;6050;203;61;45;90,2
Kom;ecklonia;shallow;250;900;1160;2060;214;35;23;85,6
Kom;ecklonia;shallow;139;1100;5725;6825;127;68;49;91,4
Kom;ecklonia;shallow;140;1300;4025;5325;128;66;49;91,4
Kom;ecklonia;intertidal;120;300;425;675;79;25;17;65,8
Kom;ecklonia;intertidal;69;180;380;470;46;21;14;66,7
Kom;ecklonia;intertidal;197;1900;3600;5300;180;127;104;91,4
Kom;ecklonia;intertidal;204;2700;5680;8380;187;94;74;91,7
Kom;ecklonia;intertidal;230;2700;800;3500;222;126;101;96,5
Kom;ecklonia;intertidal;232;2100;4250;6350;216;143;115;93,1
Kom;ecklonia;intertidal;238;2000;3925;5925;217;106;86;91,2
Kom;ecklonia;intertidal;245;3300;1452;4752;227;191;156;92,7
Kom;ecklonia;intertidal;246;2000;4230;6100;218;95;63;88,6
Kom;ecklonia;intertidal;260;2400;4050;6200;228;180;71;87,7
Kom;ecklonia;intertidal;277;2400;4970;7370;263;112;91;94,9
Kom;ecklonia;intertidal;134;400;560;960;112;22;18;83,6
Kom;ecklonia;intertidal;186;600;1180;1780;166;33;20;89,2
Kom;ecklonia;intertidal;209;1000;1880;2880;186;40;26;89
Kom;ecklonia;intertidal;228;1900;4050;5950;217;104;74;95,2
Kom;ecklonia;intertidal;110;260;700;960;87;24;17;79,1
Kom;ecklonia;intertidal;187;600;1260;1860;172;30;21;92
Kom;ecklonia;intertidal;190;800;1660;2460;168;37;25;88,4
Kom;ecklonia;intertidal;62;150;500;650;44;19;13;71
Kom;ecklonia;intertidal;90;200;650;850;62;24;17;68,9
Kom;ecklonia;intertidal;280;1700;3300;5000;272;52;39;97,1
Kom;ecklonia;deep;391;4900;1350;6250;380;192;139;97,2
Kom;ecklonia;deep;393;3800;6550;10350;376;200;168;95,7
Kom;ecklonia;deep;413;4100;1020;5120;400;144;116;96,9
Kom;ecklonia;deep;416;3000;570;3570;406;163;118;97,6
Kom;ecklonia;deep;375;5800;5000;10800;358;224;151;95,5
Kom;ecklonia;deep;222;1700;1740;3440;208;45;29;93,7
Kom;ecklonia;deep;91;345;575;920;74;27;16;81,3
Kom;ecklonia;deep;307;2800;4275;7075;291;117;90;94,8
Kom;ecklonia;deep;356;4600;10430;15030;336;164;119;94,4
Kom;ecklonia;deep;348;3600;6600;10200;334;252;208;96
Kom;ecklonia;deep;377;3000;5800;8800;364;129;115;96,6
Kom;ecklonia;deep;309;5700;6735;12435;298;217;154;96,4
Kom;ecklonia;deep;332;2900;6065;8965;314;169;150;94,6
Kom;laminaria;intertidal;69;260;500;760;0;24;0;0
Kom;laminaria;intertidal;75;460;550;1010;0;0;0;0
Kom;laminaria;intertidal;82;515;660;1175;0;0;0;0
Kom;laminaria;intertidal;104;1250;550;1800;48;40;12;46,15384615
Kom;laminaria;intertidal;58;400;1025;1425;0;0;0;0
Kom;laminaria;intertidal;84;575;725;1300;9;31;10;10,71428571
Kom;laminaria;intertidal;84;650;425;1075;0;0;0;0
Kom;laminaria;intertidal;118;1050;1000;2050;0;0;0;0
Kom;laminaria;intertidal;112;825;980;1805;10;31;9;8,928571429
Kom;laminaria;intertidal;86;650;690;1340;0;0;0;0
Kom;laminaria;intertidal;95;875;1800;2675;21;31;11;22,10526316
Kom;laminaria;intertidal;115;925;650;1575;48;32;9;41,73913043
Kom;laminaria;intertidal;80;570;1550;2120;41;35;10;51,25
Kom;laminaria;intertidal;104;575;3750;4325;0;23;0;0
Kom;laminaria;intertidal;105;1050;4850;5900;0;31;0;0
Kom;laminaria;intertidal;113;820;3250;4070;0;27;0;0
Kom;laminaria;intertidal;100;635;4900;5535;0;25;0;0
Kom;laminaria;intertidal;114;540;1825;2365;0;23;0;0
Kom;laminaria;intertidal;86;395;2600;2995;0;18;0;0
Kom;laminaria;intertidal;80;450;2675;3125;0;20;0;0
Kom;laminaria;intertidal;126;710;2250;2960;17;28;5;13,49206349
Kom;laminaria;intertidal;84;375;1975;2350;0;19;0;0
Kom;laminaria;intertidal;129;865;3125;3990;0;30;0;0
Kom;laminaria;intertidal;93;670;3625;4295;18;32;7;19,35483871
Kom;laminaria;intertidal;96;635;3050;3685;4;26;4;4,166666667
Kom;laminaria;intertidal;133;1225;2150;3375;88;36;11;66,16541353
Kom;laminaria;intertidal;106;625;2650;3275;0;25;0;0
Kom;laminaria;deep;86;875;1800;2675;0;0;0;0
Kom;laminaria;deep;82;625;1000;1625;9;32;11;10,97560976
Kom;laminaria;deep;73;625;1025;1650;0;0;0;0
Kom;laminaria;deep;79;875;1675;2550;0;0;0;0
Kom;laminaria;deep;76;600;2125;2725;0;0;0;0
Kom;laminaria;deep;83;600;750;1350;0;0;0;0
Kom;laminaria;deep;81;695;1500;2195;0;0;0;0
Kom;laminaria;deep;87;690;1150;1840;20;32;9;22,98850575
Kom;laminaria;deep;101;975;1425;2400;0;0;0;0
Kom;laminaria;deep;97;900;1175;2075;22;36;11;22,68041237
Kom;laminaria;deep;116;1175;2000;3175;15;30;10;12,93103448
Kom;laminaria;deep;85;1050;2875;3925;0;0;0;0
Kom;laminaria;deep;82;500;775;1275;0;0;0;0
Kom;laminaria;deep;64;550;1875;2425;22;35;11;34,375
Kom;laminaria;deep;93;735;1450;2185;21;30;10;22,58064516
Kom;laminaria;deep;76;660;1425;2085;18;33;12;23,68421053
Kom;laminaria;deep;64;450;850;1300;11;30;9;17,1875
Kom;laminaria;deep;70;580;1100;1680;19;32;10;27,14285714
Kom;laminaria;deep;85;975;1925;2900;7;39;14;8,235294118
Kom;laminaria;deep;113;1375;3975;5350;47;40;12;41,59292035
Kom;laminaria;deep;94;1150;2400;3550;0;0;0;0
Kom;laminaria;deep;100;1350;2375;3725;14;44;13;14
Kom;laminaria;deep;77;650;1175;1825;0;0;0;0
Kom;laminaria;deep;69;600;1125;1725;17;30;10;24,63768116
Kom;laminaria;deep;94;1000;1250;2250;21;42;11;22,34042553
Kom;laminaria;deep;65;450;880;1330;22;30;11;33,84615385
Kom;laminaria;deep;75;605;1175;1780;0;0;0;0
Kom;laminaria;deep;125;1675;3175;4850;0;0;0;0
Kom;laminaria;deep;117;1775;3725;5500;0;0;0;0
Kom;laminaria;deep;139;1925;2625;4550;0;0;0;0
Kom;laminaria;deep;106;1175;1500;2675;0;0;0;0
Kom;laminaria;deep;138;2000;2400;4400;46;45;17;33,33333333
Kom;laminaria;deep;89;775;1600;2375;0;0;0;0
Kom;laminaria;deep;130;1875;4000;5875;0;0;0;0
Kom;laminaria;deep;117;1550;3375;4925;20;43;14;17,09401709
Kom;laminaria;deep;78;540;835;1375;11;31;9;14,1025641
Kom;laminaria;deep;122;2000;2750;4750;0;0;0;0
Kom;laminaria;deep;135;2625;5150;7775;27;46;15;20
Kom;laminaria;deep;116;1500;1550;3050;0;0;0;0
Kom;laminaria;deep;118;1425;3250;4675;0;0;0;0
Kom;laminaria;deep;146;2600;3300;5900;21;48;14;14,38356164
Kom;laminaria;deep;141;2200;3850;6050;0;0;0;0
Kom;laminaria;deep;145;2500;4700;7200;0;0;0;0
Kom;laminaria;deep;71;620;975;1595;0;0;0;0
Kom;laminaria;deep;97;1275;2625;3900;0;0;0;0
Kom;laminaria;deep;102;1100;3025;4125;0;0;0;0
Kom;laminaria;deep;112;1400;2775;4175;11;41;12;9,821428571
Kom;laminaria;deep;104;1150;2175;3325;0;0;0;0
Kom;laminaria;deep;98;1450;3400;4850;0;0;0;0
Kom;laminaria;deep;131;1975;3750;5725;0;0;0;0
Jacobs;ecklonia;shallow;107;425;700;1125;92;34;22;88,5
Jacobs;ecklonia;shallow;111;1000;430;1430;100;90;72;90,1
Jacobs;ecklonia;shallow;113;530;2005;2535;102;43;29;90,3
Jacobs;ecklonia;shallow;118;1500;585;2085;108;144;119;91,5
Jacobs;ecklonia;shallow;120;300;980;1280;103;31;21;85,8
Jacobs;ecklonia;shallow;126;1700;3775;5475;111;171;150;88,1
Jacobs;ecklonia;shallow;137;1700;105;1805;129;93;70;94,2
Jacobs;ecklonia;shallow;148;1500;260;1760;130;83;65;87,8
Jacobs;ecklonia;shallow;158;1100;1500;2600;145;47;32;91,8
Jacobs;ecklonia;shallow;83;600;630;1230;19;38;7;22,9
Jacobs;ecklonia;shallow;89;295;510;805;77;29;18;86,5
Jacobs;ecklonia;shallow;90;1300;3400;4700;64;93;70;71,1
Jacobs;ecklonia;shallow;90;1000;4455;5455;71;96;78;78,9
Jacobs;ecklonia;shallow;91;750;940;1690;66;35;11;72,5
Jacobs;ecklonia;shallow;109;1900;1710;3610;98;132;106;89,9
Jacobs;ecklonia;shallow;127;1800;2980;4780;114;106;86;89,8
Jacobs;ecklonia;shallow;147;1300;1375;2675;136;92;74;92,5
Jacobs;ecklonia;shallow;161;1700;1650;3350;150;102;81;93,2
Jacobs;ecklonia;shallow;168;1900;1960;3860;154;109;87;91,7
Jacobs;ecklonia;shallow;74;280;230;510;63;28;19;85,1
Jacobs;ecklonia;shallow;88;550;290;840;80;42;31;90,9
Jacobs;ecklonia;shallow;125;700;1620;2320;118;55;41;94,4
Jacobs;ecklonia;shallow;140;1400;3600;5000;135;119;99;96,4
Jacobs;ecklonia;shallow;144;1700;4700;6400;133;115;92;92,4
Jacobs;ecklonia;shallow;151;1400;3400;4800;143;85;66;94,7
Jacobs;ecklonia;shallow;158;1000;2035;3035;149;79;61;94,3
Jacobs;ecklonia;shallow;164;1100;740;1840;149;55;40;90,9
Jacobs;ecklonia;shallow;72;275;680;955;61;26;17;84,7
Jacobs;ecklonia;shallow;109;720;1825;2545;103;45;31;94,5
Jacobs;ecklonia;shallow;110;505;400;905;97;34;22;88,2
Jacobs;ecklonia;shallow;117;1400;1305;2705;103;86;64;88
Jacobs;ecklonia;shallow;117;450;620;1070;102;31;21;87,2
Jacobs;ecklonia;shallow;123;1100;460;1560;115;77;59;93,5
Jacobs;ecklonia;shallow;85;480;2205;2685;80;46;32;94,1
Jacobs;ecklonia;shallow;107;700;400;1100;95;58;41;90,5
Jacobs;ecklonia;shallow;121;1100;950;2050;116;78;66;95,9
Jacobs;ecklonia;shallow;149;1600;855;2455;139;69;52;93,3
Jacobs;ecklonia;shallow;153;1500;1375;2875;141;85;67;92,2
Jacobs;ecklonia;shallow;198;1300;1675;2975;196;70;56;99
Jacobs;ecklonia;shallow;107;800;1420;2220;91;59;43;87,5
Jacobs;ecklonia;shallow;61;350;1250;1600;52;35;24;85,2
Jacobs;ecklonia;shallow;76;750;2000;2750;61;64;46;80,3
Jacobs;ecklonia;shallow;79;900;1855;2755;71;67;47;89,9
Jacobs;ecklonia;shallow;92;1100;1400;2500;74;67;49;80,4
Jacobs;ecklonia;shallow;132;1300;2675;3975;113;70;48;85,6
Jacobs;ecklonia;shallow;144;1300;3290;4590;121;71;50;84
Jacobs;ecklonia;shallow;159;1500;2525;4025;123;220;52;77,4
Jacobs;ecklonia;shallow;159;1300;3450;4750;125;83;59;78,6
Jacobs;ecklonia;shallow;173;1300;1075;2375;110;77;66;63,6
Jacobs;ecklonia;shallow;175;1800;5670;7470;125;91;65;71,4
Jacobs;ecklonia;shallow;61;325;1435;1760;35;36;22;57,4
Jacobs;ecklonia;shallow;69;170;350;520;58;20;11;84,1
Jacobs;ecklonia;shallow;89;500;1255;1755;73;35;20;82
Jacobs;ecklonia;shallow;95;330;795;1125;69;27;17;72,6
Jacobs;ecklonia;intertidaltidal;125;350;165;515;99;25;15;79,2
Jacobs;ecklonia;intertidal;157;595;610;1205;127;37;25;80,9
Jacobs;ecklonia;intertidal;180;800;325;1125;153;35;22;96,7
Jacobs;ecklonia;intertidal;195;2500;3470;5970;174;79;53;89,2
Jacobs;ecklonia;intertidal;198;1300;790;2090;176;57;44;88,9
Jacobs;ecklonia;intertidal;227;3900;2750;6650;187;124;99;82,4
Jacobs;ecklonia;intertidal;190;1100;1020;2120;169;46;29;88,9
Jacobs;ecklonia;intertidal;191;2200;2220;4420;169;82;62;88,5
Jacobs;ecklonia;intertidal;193;1400;1325;2725;163;48;30;84,5
Jacobs;ecklonia;intertidal;132;550;225;775;109;30;18;82,6
Jacobs;ecklonia;intertidal;194;4400;3535;7935;165;92;66;85,1
Jacobs;ecklonia;intertidal;206;1300;1045;2345;188;45;29;91,3
Jacobs;ecklonia;intertidal;250;1200;1550;2750;230;34;21;92
Jacobs;ecklonia;intertidal;107;405;735;1140;77;30;18;76,2
Jacobs;ecklonia;intertidal;150;900;1450;2350;121;43;27;80,7
Jacobs;ecklonia;intertidal;198;3100;2955;6055;178;131;106;89,9
Jacobs;ecklonia;intertidal;66;150;400;550;44;19;9;66,7
Jacobs;ecklonia;intertidal;81;205;320;525;62;23;13;76,5
Jacobs;ecklonia;intertidal;87;330;965;1295;70;26;14;80,5
Jacobs;ecklonia;intertidal;111;610;585;1195;80;36;23;72,1
Jacobs;ecklonia;intertidal;75;305;825;1130;43;28;15;57,3
Jacobs;ecklonia;intertidal;79;255;680;935;60;28;12;75,9
Jacobs;ecklonia;intertidal;115;750;1230;1980;94;36;19;81,7
Jacobs;ecklonia;intertidal;153;705;590;1295;136;34;22;88,9
Jacobs;ecklonia;intertidal;161;600;1095;1695;133;32;18;82,6
Jacobs;ecklonia;intertidal;168;2400;2324;4724;146;80;55;86,9
Jacobs;ecklonia;intertidal;171;900;1455;2355;149;39;23;87,1
Jacobs;ecklonia;intertidal;174;1000;850;1850;154;41;24;88,5
Jacobs;ecklonia;intertidal;187;1000;1470;2470;163;49;33;87,2
Jacobs;ecklonia;intertidal;189;1600;2000;3600;162;58;38;85,7
Jacobs;ecklonia;intertidal;71;110;220;330;41;20;11;57,7
Jacobs;ecklonia;intertidal;81;375;1125;1500;66;31;18;81,5
Jacobs;ecklonia;intertidal;95;275;325;600;74;26;16;77,9
Jacobs;ecklonia;intertidal;107;350;595;945;86;25;16;82,7
Jacobs;ecklonia;intertidal;134;1300;3445;4745;122;116;89;91
Jacobs;ecklonia;intertidal;136;2000;2475;4475;114;102;76;83,8
Jacobs;ecklonia;intertidal;143;3100;2245;5345;131;123;92;91,6
Jacobs;ecklonia;intertidal;156;925;2425;3350;144;52;36;92,3
Jacobs;ecklonia;intertidal;166;2000;4375;6375;151;146;129;91
Jacobs;ecklonia;intertidal;178;1500;5045;6545;161;84;61;90,4
Jacobs;ecklonia;intertidal;200;1500;3300;4800;188;57;40;94
Jacobs;ecklonia;intertidal;107;1300;5545;6845;98;90;71;92,5
Jacobs;ecklonia;intertidal;129;1100;4080;5180;119;69;52;92,2
Jacobs;ecklonia;intertidal;130;1900;5575;7475;123;111;85;94,6
Jacobs;ecklonia;intertidal;141;800;5090;5890;131;64;47;92,9
Jacobs;ecklonia;intertidal;141;1400;3335;4735;131;67;48;92,9
Jacobs;ecklonia;intertidal;172;1500;2925;4425;154;57;42;89,5
Jacobs;ecklonia;intertidal;144;1700;4110;5810;133;105;86;92,4
Jacobs;ecklonia;intertidal;154;1000;3000;4000;139;61;46;90,3
Jacobs;ecklonia;intertidal;164;1900;5725;7625;148;92;76;90,2
Jacobs;ecklonia;intertidal;184;1800;4745;6545;154;105;88;83,7
Jacobs;ecklonia;deep;192;1500;565;2065;156;89;75;81,3
Jacobs;ecklonia;deep;192;2300;2370;4670;173;61;39;90,1
Jacobs;ecklonia;deep;270;1800;2130;3930;228;49;31;84,4
Jacobs;ecklonia;deep;132;405;425;830;108;25;14;81,8
Jacobs;ecklonia;deep;160;650;515;1165;137;30;16;85,6
Jacobs;ecklonia;deep;161;410;350;760;136;24;14;84,5
Jacobs;ecklonia;deep;236;1300;1795;3095;221;41;27;93,6
Jacobs;ecklonia;deep;251;2700;1380;4080;245;57;34;97,6
Jacobs;ecklonia;deep;270;3400;4325;7725;250;109;75;92,6
Jacobs;ecklonia;deep;65;110;125;235;41;17;10;63,1
Jacobs;ecklonia;deep;71;150;225;375;54;20;10;76,1
Jacobs;laminaria;shallow;96;1100;1850;2950;76;44;17;79,2
Jacobs;laminaria;shallow;113;700;630;1330;77;31;13;68,1
Jacobs;laminaria;shallow;64;520;1300;1820;14;34;11;21,9
Jacobs;laminaria;shallow;64;350;1040;1390;0;24;0;0
Jacobs;laminaria;shallow;54;360;950;1310;27;28;9;50
Jacobs;laminaria;shallow;65;320;275;595;0;28;0;0
Jacobs;laminaria;shallow;50;255;1255;1510;0;37;0;0
Jacobs;laminaria;shallow;83;900;3170;4070;59;51;15;71,1
Jacobs;laminaria;intertidal;63;185;255;440;8;25;5;12,7
Jacobs;laminaria;intertidal;61;245;330;575;0;26;0;0
Jacobs;laminaria;intertidal;107;650;800;1450;0;35;0;0
Jacobs;laminaria;intertidal;114;675;525;1200;34;42;13;29,8
Jacobs;laminaria;intertidal;127;1000;1285;2285;29;44;17;22,8
Jacobs;laminaria;intertidal;133;1400;2000;3400;111;49;18;83,5
Jacobs;laminaria;intertidal;66;280;300;580;0;30;0;0
Jacobs;laminaria;intertidal;81;70;1745;1815;37;51;12;45,7
Jacobs;laminaria;intertidal;87;480;895;1375;11;40;8;12,6
Jacobs;laminaria;intertidal;79;500;2570;3070;0;43;0;0
Jacobs;laminaria;intertidal;82;570;1270;1840;53;35;13;64,6
Jacobs;laminaria;intertidal;93;835;2080;2915;58;38;15;62,4
Jacobs;laminaria;deep;147;1300;2190;3490;0;59;0;0
Jacobs;laminaria;deep;72;660;1370;2030;14;44;14;19,4
Jacobs;laminaria;deep;75;725;610;1335;31;44;12;41,3
Jacobs;laminaria;deep;98;925;1940;2865;80;47;17;81,6
Jacobs;laminaria;deep;100;925;1275;2200;24;47;14;24
Hond;ecklonia;shallow;107;250;495;745;79;22;12;88,21782178
Hond;ecklonia;shallow;146;600;595;1195;124;34;22;94,93150685
Hond;ecklonia;shallow;152;1100;2810;3910;127;60;43;93,55263158
Hond;ecklonia;shallow;165;1400;4185;5585;145;68;49;97,87878788
Hond;ecklonia;shallow;168;510;1340;1850;143;26;17;95,11904762
Hond;ecklonia;shallow;177;1000;3380;4380;140;44;39;89,0960452
Hond;ecklonia;shallow;183;1100;3230;4330;156;53;38;95,24590164
Hond;ecklonia;shallow;73;180;755;935;54;22;12;83,97260274
Hond;ecklonia;shallow;79;305;979;1284;64;30;18;91,01265823
Hond;ecklonia;shallow;79;175;410;585;57;18;10;82,15189873
Hond;ecklonia;shallow;98;770;1575;2345;69;65;41;80,40816327
Hond;ecklonia;shallow;99;730;1835;2565;87;66;50;97,87878788
Hond;ecklonia;intertidal;145;1400;4050;5450;129;66;45;98,96551724
Hond;ecklonia;intertidal;147;800;1845;2645;96;49;34;75,30612245
Hond;ecklonia;intertidal;152;620;2530;3150;110;33;20;82,36842105
Hond;ecklonia;intertidal;166;550;905;1455;137;31;20;92,53012048
Hond;ecklonia;intertidal;172;895;4740;5635;131;43;28;86,1627907
Hond;ecklonia;intertidal;91;350;910;1260;68;26;15;84,72527473
Hond;ecklonia;intertidal;182;935;1740;2675;138;40;26;85,82417582
Hond;ecklonia;intertidal;142;460;1390;1850;114;32;20;90,28169014
Hond;ecklonia;intertidal;63;100;220;320;29;15;7;56,03174603
Hond;ecklonia;intertidal;76;160;295;455;48;18;8;73,15789474
Hond;ecklonia;intertidal;119;520;1935;2455;91;33;18;86,47058824
Hond;ecklonia;intertidal;151;460;1285;1745;126;28;16;93,44370861
Hond;ecklonia;intertidal;99;585;2535;3120;80;37;25;90,80808081
Hond;ecklonia;intertidal;111;330;885;1215;92;27;16;92,88288288
Hond;ecklonia;intertidal;138;575;1295;1870;106;33;22;86,8115942
Hond;ecklonia;intertidal;176;570;1665;2235;141;33;21;90,11363636
Hond;ecklonia;intertidal;74;125;235;360;56;17;10;85,67567568
Hond;ecklonia;intertidal;100;720;1860;2580;85;47;31;95
Hond;laminaria;shallow;82;300;760;1060;51;26;10;62,2
Hond;laminaria;shallow;93;500;1150;1650;23;30;8;24,7
Hond;laminaria;shallow;98;480;1235;1715;33;32;11;33,7
Hond;laminaria;intertidal;120;600;1195;1795;63;36;17;52,5
Hond;laminaria;intertidal;125;625;795;1420;0;38;0;0
Hond;laminaria;intertidal;108;750;1415;2165;83;33;17;76,9
Hond;laminaria;intertidal;141;170;1300;1470;109;35;17;77,3
Hond;laminaria;intertidal;150;1150;1335;2485;113;38;18;75,3
Hond;laminaria;intertidal;127;775;825;1600;105;34;17;82,7
Hond;laminaria;intertidal;51;90;175;265;0;18;0;0
Hond;laminaria;intertidal;109;850;1585;2435;65;37;22;59,6
Hond;laminaria;intertidal;116;575;805;1380;85;31;17;73,3
Hond;laminaria;intertidal;117;975;2095;3070;94;41;20;80,3
Hond;laminaria;intertidal;79;295;370;665;52;27;13;65,8
Hond;laminaria;intertidal;92;695;1830;2525;70;39;16;76,1
Hond;laminaria;intertidal;109;405;780;1185;44;28;11;40,4
Hond;laminaria;intertidal;122;820;1670;2490;94;35;17;77
Hond;laminaria;intertidal;122;830;2095;2925;88;38;17;72,1
Hond;laminaria;intertidal;123;695;1285;1980;63;34;17;51,2
Hond;laminaria;intertidal;139;980;1275;2255;75;36;19;54
Hond;laminaria;intertidal;89;445;840;1285;64;28;11;71,9
Hond;laminaria;intertidal;119;670;1170;1840;78;33;15;65,5
Hond;laminaria;intertidal;127;900;2235;3135;102;42;24;80,3
Hond;laminaria;intertidal;70;200;305;505;45;21;10;64,3
Hond;laminaria;intertidal;97;590;9345;9935;73;36;15;75,3
Hond;laminaria;intertidal;51;95;350;445;0;20;0;0
Hond;laminaria;intertidal;59;170;820;990;21;22;8;35,6
Hond;laminaria;intertidal;60;200;640;840;7;37;5;11,7
Hond;laminaria;intertidal;78;260;445;705;51;39;11;65,4
Hond;laminaria;intertidal;107;420;1470;1890;81;28;13;76,4
Hond;laminaria;intertidal;110;520;1105;1625;65;33;11;59,1
Hond;laminaria;intertidal;146;435;750;1185;77;34;12;52,7
Hond;laminaria;intertidal;59;150;520;670;19;22;9;32,2
Hond;laminaria;intertidal;68;305;890;1195;54;30;11;79,4
Hond;laminaria;intertidal;71;250;465;715;38;28;9;53,5
Hond;laminaria;intertidal;94;375;915;1290;65;38;11;69,1
Hond;laminaria;intertidal;108;845;1450;2295;72;38;19;66,7
Hond;laminaria;intertidal;126;400;725;1125;106;31;20;84,1
Hond;laminaria;intertidal;60;125;55;180;21;18;5;35
Hond;laminaria;intertidal;93;475;595;1070;22;31;9;23,7
Hond;laminaria;intertidal;98;525;1585;2110;59;32;10;60,2
Klein;ecklonia;shallow;166;1000;1840;2840;153;71;20;92,2
Klein;ecklonia;intertidal;272;1850;2295;4145;260;65;49;95,6
Klein;ecklonia;intertidal;289;1200;1550;2750;267;39;28;92,4
Klein;ecklonia;intertidal;293;2500;1850;4350;278;62;43;94,9
Klein;ecklonia;intertidal;251;1300;2320;3620;224;52;35;89,2
Klein;ecklonia;intertidal;257;1300;1750;3050;232;42;31;90,3
Klein;ecklonia;intertidal;277;1700;2125;3825;257;57;39;92,8
Klein;ecklonia;intertidal;362;2100;3020;5120;237;71;54;65,5
Klein;ecklonia;intertidal;289;1200;1530;2730;269;40;29;93,1
Klein;ecklonia;intertidal;174;465;795;1260;139;29;18;79,9
Klein;ecklonia;intertidal;250;1100;1295;2395;245;44;30;98
Klein;ecklonia;intertidal;107;350;485;835;85;23;14;84,2
Klein;ecklonia;intertidal;244;875;1610;2485;228;41;28;93,4
Klein;ecklonia;intertidal;247;1200;2365;3565;231;49;37;93,5
Klein;laminaria;shallow;122;450;410;860;46;23;12;37,7
Klein;laminaria;shallow;138;700;1175;1875;104;35;19;75,4
Klein;laminaria;shallow;187;925;1235;2160;150;39;31;80,2
Klein;laminaria;shallow;207;890;1795;2685;182;35;25;87,9
Klein;laminaria;shallow;236;965;1670;2635;196;32;21;83,1
Klein;laminaria;shallow;240;1800;3510;5310;205;42;27;85,4
Klein;laminaria;shallow;58;80;145;225;20;15;5;34,5
Klein;laminaria;shallow;79;100;200;300;45;16;8;57
Klein;laminaria;shallow;96;210;175;385;55;18;9;57,3
Klein;laminaria;shallow;107;315;665;980;72;25;13;68,6
Klein;laminaria;shallow;117;175;185;360;20;16;7;17,1
Klein;laminaria;shallow;131;615;920;1535;96;31;18;73,3
Klein;laminaria;shallow;133;850;2160;3010;102;37;22;76,7
Klein;laminaria;shallow;144;800;1580;2380;111;35;20;77,1
Klein;laminaria;shallow;183;900;1725;2625;132;37;22;72,1
Klein;laminaria;shallow;55;125;1090;1215;12;51;6;21,8
Klein;laminaria;shallow;75;160;405;565;0;17;0;0
Klein;laminaria;shallow;77;200;575;775;48;22;9;62,3
Klein;laminaria;shallow;81;120;230;350;0;13;0;0
Klein;laminaria;shallow;84;310;810;1120;55;26;14;65,5
Klein;laminaria;shallow;87;270;860;1130;41;25;14;47,1
Klein;laminaria;shallow;94;245;550;795;36;22;10;38,3
Klein;laminaria;shallow;98;220;340;560;16;17;8;16,3
Klein;laminaria;intertidal;312;2400;1485;3885;287;45;28;92
Klein;laminaria;intertidal;174;700;715;1415;142;31;16;81,6
Klein;laminaria;intertidal;265;2200;2265;4465;234;56;38;88,3
Klein;laminaria;intertidal;268;1700;1560;3260;241;40;23;89,9
Klein;laminaria;intertidal;289;2400;2385;4785;258;50;36;89,3
Klein;laminaria;intertidal;293;1400;2360;3760;254;41;28;86,7
Klein;laminaria;intertidal;190;1100;240;1340;159;41;28;83,7
Klein;laminaria;intertidal;192;1300;860;2160;160;40;26;83,3
Klein;laminaria;intertidal;194;925;260;1185;164;33;26;84,5
Klein;laminaria;intertidal;217;1300;520;1820;181;46;32;83,4
Klein;laminaria;intertidal;226;1700;1105;2805;193;44;28;85,4
Klein;laminaria;intertidal;257;2200;1555;3755;221;47;28;86
Klein;laminaria;intertidal;277;2000;3045;5045;237;47;30;85,6
Klein;laminaria;intertidal;148;615;215;830;131;31;27;88,5
Klein;laminaria;intertidal;181;1150;835;1985;153;37;20;84,5
Klein;laminaria;intertidal;314;1800;2785;4585;262;41;32;83,4
Klein;laminaria;intertidal;206;1000;785;1785;167;34;20;81,1
Klein;laminaria;intertidal;237;1500;1485;2985;193;38;20;81,4
Klein;laminaria;intertidal;243;1400;1070;2470;209;36;21;86
Klein;laminaria;intertidal;254;1500;2045;3545;218;41;23;85,8
Klein;laminaria;intertidal;312;2400;1530;3930;260;48;29;83,3
Klein;laminaria;intertidal;319;1500;1700;3200;282;39;27;88,4
Klein;laminaria;intertidal;331;1700;3185;4885;82;41;26;24,8
Klein;laminaria;intertidal;381;2600;3110;5710;341;47;33;89,5
Klein;laminaria;intertidal;121;765;1475;2240;85;42;28;70,2
Klein;laminaria;intertidal;208;1100;1250;2350;187;33;21;89,9
Klein;laminaria;intertidal;266;2700;3585;6285;249;49;28;93,6
Klein;laminaria;intertidal;270;1900;2270;4170;241;45;35;89,3
Klein;laminaria;intertidal;280;1600;705;2305;257;39;29;91,8
Klein;laminaria;intertidal;288;2200;2820;5020;270;45;29;93,8
Klein;laminaria;intertidal;290;1600;2485;4085;255;43;28;87,9
Klein;laminaria;intertidal;303;2100;6160;8260;280;52;40;92,4
Klein;laminaria;intertidal;241;2200;2610;4810;220;63;37;91,3
Swakop;laminaria;intertidal;100;270;1200;1570;81;25;15;81
Swakop;laminaria;intertidal;172;675;1375;2222;145;30;18;84,3
Swakop;laminaria;intertidal;155;490;625;1270;146;28;12;94,2
Swakop;laminaria;intertidal;155;620;870;1645;143;31;19;92,3
Swakop;laminaria;intertidal;168;430;1000;1598;137;26;17;81,5
Swakop;laminaria;intertidal;161;625;1375;2161;141;32;21;87,6
Swakop;laminaria;intertidal;138;450;925;1513;88;26;15;63,8
Swakop;laminaria;intertidal;180;500;800;1480;165;28;18;91,7
Swakop;laminaria;intertidal;160;500;1000;1660;125;26;14;78,1
Swakop;laminaria;intertidal;240;870;1025;2135;220;31;19;91,7
Swakop;laminaria;intertidal;159;600;1250;2009;145;31;20;91,2
Swakop;laminaria;intertidal;161;425;1000;1586;150;25;15;93,2
Swakop;laminaria;intertidal;225;800;200;1225;212;33;23;94,2
Swakop;laminaria;intertidal;198;800;1500;2498;182;30;18;91,9
Swakop;laminaria;intertidal;221;900;625;1746;206;30;16;93,2
Swakop;laminaria;intertidal;212;825;1000;2037;198;30;17;93,4
Swakop;laminaria;intertidal;206;875;550;1631;181;29;12;87,9
Swakop;laminaria;intertidal;168;600;700;1468;147;33;25;87,5
Swakop;laminaria;shallow;129;395;1300;1824;103;26;15;79,8
Swakop;laminaria;shallow;147;500;1250;1897;139;28;17;94,6
Swakop;laminaria;shallow;130;500;1200;1830;115;29;18;88,5
Swakop;laminaria;shallow;148;380;850;1378;134;28;14;90,5
Swakop;laminaria;shallow;138;475;725;1338;111;29;18;80,4
Swakop;laminaria;shallow;136;375;875;1386;115;23;13;84,6
Swakop;laminaria;shallow;96;350;800;1246;76;27;17;79,2
Swakop;laminaria;shallow;136;400;1025;1561;121;26;16;89
Swakop;laminaria;shallow;132;475;1125;1732;113;29;19;85,6
Swakop;laminaria;shallow;158;600;875;1633;136;29;19;86,1
Swakop;laminaria;shallow;141;400;1500;2041;113;24;15;80,1
Swakop;laminaria;shallow;132;450;530;1112;111;26;16;84,1
Doring;laminaria;inner;126;750;2625;3375;86;34;21;68,25396825
Doring;laminaria;inner;146;1125;3125;4250;121;40;21;82,87671233
Doring;laminaria;inner;92;500;1375;1875;73;27;11;79,34782609
Doring;laminaria;inner;78;375;1875;2250;64;27;12;82,05128205
Doring;laminaria;inner;94;500;2000;2500;71;26;15;75,53191489
Doring;laminaria;inner;126;1000;2025;3025;70;32;14;55,55555556
Doring;laminaria;inner;110;500;1250;1750;91;28;17;82,72727273
Doring;laminaria;inner;121;625;1250;1875;100;29;16;82,6446281
Doring;laminaria;inner;73;275;575;850;32;23;10;43,83561644
Doring;laminaria;inner;61;250;2125;2375;35;21;9;57,37704918
Doring;laminaria;inner;90;500;1375;1875;44;23;10;48,88888889
Doring;laminaria;inner;205;1650;2250;3900;190;32;17;92,68292683
Doring;laminaria;inner;78;275;675;950;48;22;9;61,53846154
Doring;laminaria;inner;112;625;3250;3875;85;30;16;75,89285714
Doring;laminaria;inner;119;1375;4875;6250;96;40;20;80,67226891
Doring;laminaria;inner;223;1500;1400;2900;184;33;18;82,51121076
Doring;laminaria;inner;167;1375;2625;4000;117;46;35;70,05988024
Doring;laminaria;inner;133;1250;7750;9000;44;38;19;33,08270677
Doring;laminaria;inner;74;375;1875;2250;46;26;12;62,16216216
Doring;laminaria;inner;120;650;1250;1900;93;29;15;77,5
Doring;laminaria;inner;87;625;1275;1900;65;28;13;74,71264368
Doring;laminaria;inner;105;625;1625;2250;35;32;16;33,33333333
Doring;laminaria;inner;103;375;1250;1625;63;22;11;61,16504854
Doring;laminaria;inner;103;625;2150;2775;69;33;21;66,99029126
Doring;laminaria;inner;116;625;675;1300;70;26;13;60,34482759
Doring;laminaria;inner;82;375;1250;1625;44;23;10;53,65853659
Doring;laminaria;inner;74;275;775;1050;42;22;19;56,75675676
Doring;laminaria;inner;117;675;1750;2425;75;30;14;64,1025641
Doring;laminaria;inner;81;350;750;1100;62;22;11;76,54320988
Doring;laminaria;inner;185;1400;1875;3275;162;40;21;87,56756757
Doring;laminaria;inner;170;1000;900;1900;134;16;13;78,82352941
Doring;laminaria;inner;80;375;1500;1875;50;26;12;62,5
Doring;laminaria;inner;124;125;2650;2775;38;23;12;30,64516129
Doring;laminaria;inner;118;400;1150;1550;83;23;11;70,33898305
Doring;laminaria;inner;104;400;1250;1650;73;26;13;70,19230769
Doring;laminaria;inner;98;500;1825;2325;64;29;15;65,30612245
Doring;laminaria;inner;108;750;3250;4000;81;36;20;75
Doring;laminaria;inner;120;625;1250;1875;74;29;16;61,66666667
Doring;laminaria;inner;100;650;3375;4025;37;33;15;37
Doring;laminaria;inner;90;250;500;750;53;20;8;58,88888889
Doring;laminaria;inner;76;375;1625;2000;34;25;11;44,73684211
Doring;laminaria;inner;66;250;500;750;40;22;8;60,60606061
Doring;laminaria;inner;122;525;1875;2400;90;25;11;73,7704918
Doring;laminaria;inner;111;375;1625;2000;80;24;13;72,07207207
Doring;laminaria;inner;130;625;2250;2875;100;29;17;76,92307692
Doring;laminaria;inner;136;750;1500;2250;106;35;20;77,94117647
Doring;laminaria;inner;143;1125;6125;7250;118;40;25;82,51748252
Doring;laminaria;inner;127;750;1125;1875;100;31;15;78,74015748
Doring;laminaria;inner;111;500;1625;2125;74;29;18;66,66666667
Doring;laminaria;inner;100;475;1375;1850;80;27;14;80
Doring;laminaria;inner;145;625;400;1025;122;27;15;84,13793103
Doring;laminaria;inner;144;750;1875;2625;101;32;17;70,13888889
Doring;laminaria;inner;105;500;1125;1625;74;27;13;70,47619048
Doring;laminaria;inner;118;625;2250;2875;86;28;14;72,88135593
Doring;laminaria;deep;114;625;1125;1750;66;25;10;57,89473684
Doring;laminaria;deep;123;850;2125;2975;90;33;14;73,17073171
Doring;laminaria;deep;147;1625;2750;4375;51;43;21;34,69387755
Doring;laminaria;deep;86;375;1125;1500;65;26;11;75,58139535
Doring;laminaria;deep;75;400;2125;2525;29;24;11;38,66666667
Doring;laminaria;deep;97;625;2375;3000;72;29;14;74,22680412
Doring;laminaria;deep;63;300;750;1050;23;18;7;36,50793651
Doring;laminaria;deep;71;375;1500;1875;0;0;0;0
Doring;laminaria;deep;73;375;1125;1500;24;21;7;32,87671233
Doring;laminaria;deep;105;625;1875;2500;40;27;12;38,0952381
Doring;laminaria;deep;59;375;2750;3125;36;25;9;61,01694915
Doring;laminaria;deep;119;1250;4000;5250;0;0;0;0
Doring;laminaria;deep;90;500;1000;1500;36;24;10;40
Doring;laminaria;deep;71;500;1250;1750;28;28;12;39,43661972
Doring;laminaria;deep;75;400;1500;1900;23;22;8;30,66666667
Doring;laminaria;deep;111;650;1750;2400;66;30;13;59,45945946
Doring;laminaria;deep;54;250;1250;1500;20;17;7;37,03703704
Doring;laminaria;deep;106;625;2125;2750;79;27;10;74,52830189
Doring;laminaria;deep;55;250;1250;1500;11;19;5;20
Doring;laminaria;deep;98;500;875;1375;57;27;11;58,16326531
Doring;laminaria;deep;120;1150;2875;4025;91;37;16;75,83333333
Doring;laminaria;deep;78;400;1250;1650;18;23;8;23,07692308
Doring;laminaria;deep;64;500;2500;3000;28;28;9;43,75
Doring;laminaria;deep;58;400;1750;2150;39;28;10;67,24137931
Doring;laminaria;deep;71;375;750;1125;30;25;10;42,25352113
Doring;laminaria;deep;48;250;1800;2050;0;0;0;0
Doring;laminaria;deep;83;500;1625;2125;44;27;12;53,01204819
Doring;laminaria;deep;76;500;2000;2500;26;25;10;34,21052632
Doring;laminaria;deep;104;625;1125;1750;63;24;10;60,57692308
Doring;laminaria;deep;117;525;90;615;52;22;10;44,44444444
Doring;laminaria;deep;53;250;1250;1500;11;20;8;20,75471698
Doring;laminaria;deep;114;775;1750;2525;81;31;14;71,05263158
Doring;laminaria;deep;95;625;1375;2000;67;28;11;70,52631579
Doring;laminaria;deep;88;625;1750;2375;35;30;13;39,77272727
Doring;laminaria;deep;77;425;2000;2425;49;26;12;63,63636364
Doring;laminaria;deep;118;1125;5000;6125;74;35;15;62,71186441
Doring;laminaria;deep;175;1150;2125;3275;37;34;18;21,14285714
Doring;laminaria;deep;61;250;250;500;0;0;0;0
Doring;laminaria;deep;69;275;1875;2150;45;24;8;65,2173913
Doring;laminaria;deep;66;375;1500;1875;8;20;7;12,12121212
Doring;laminaria;deep;50;275;2500;2775;27;19;7;54
Doring;laminaria;deep;92;625;2750;3375;30;26;7;32,60869565
Doring;laminaria;deep;75;375;1750;2125;0;0;0;0
Doring;laminaria;deep;91;500;850;1350;42;20;12;46,15384615
Doring;laminaria;deep;81;500;1125;1625;28;24;8;34,56790123
Doring;laminaria;deep;80;375;1750;2125;23;20;8;28,75
Doring;laminaria;deep;89;550;1125;1675;54;27;10;60,6741573
Doring;laminaria;deep;103;625;1625;2250;67;27;12;65,04854369
